Server,HasshServer,KEX,Encryption,MAC,Compression
"SSH-2.0-dropbear_0.44","685c82c168a8406c4375c835cbaf8060","diffie-hellman-group1-sha1","aes128-cbc,blowfish-cbc,twofish-cbc,3des-cbc","hmac-sha1,hmac-md5","none,zlib"
"SSH-2.0-dropbear_0.45","685c82c168a8406c4375c835cbaf8060","diffie-hellman-group1-sha1","aes128-cbc,blowfish-cbc,twofish-cbc,3des-cbc","hmac-sha1,hmac-md5","none,zlib"
"SSH-2.0-dropbear_0.46","685c82c168a8406c4375c835cbaf8060","diffie-hellman-group1-sha1","aes128-cbc,blowfish-cbc,twofish-cbc,3des-cbc","hmac-sha1,hmac-md5","none,zlib"
"SSH-2.0-dropbear_0.47","81e6b29b428f04acb227d83340eb57df","diffie-hellman-group1-sha1","aes128-cbc,3des-cbc,aes256-cbc,twofish256-cbc,twofish-cbc,twofish128-cbc,blowfish-cbc","hmac-sha1-96,hmac-sha1,hmac-md5","zlib,none"
"SSH-2.0-dropbear_0.48","81e6b29b428f04acb227d83340eb57df","diffie-hellman-group1-sha1","aes128-cbc,3des-cbc,aes256-cbc,twofish256-cbc,twofish-cbc,twofish128-cbc,blowfish-cbc","hmac-sha1-96,hmac-sha1,hmac-md5","zlib,none"
"SSH-2.0-dropbear_0.48","81e6b29b428f04acb227d83340eb57df","diffie-hellman-group1-sha1","aes128-cbc,3des-cbc,aes256-cbc,twofish256-cbc,twofish-cbc,twofish128-cbc,blowfish-cbc","hmac-sha1-96,hmac-sha1,hmac-md5","zlib,none"
"SSH-2.0-dropbear_0.49","81e6b29b428f04acb227d83340eb57df","diffie-hellman-group1-sha1","aes128-cbc,3des-cbc,aes256-cbc,twofish256-cbc,twofish-cbc,twofish128-cbc,blowfish-cbc","hmac-sha1-96,hmac-sha1,hmac-md5","zlib,none"
"SSH-2.0-dropbear_0.50","81e6b29b428f04acb227d83340eb57df","diffie-hellman-group1-sha1","aes128-cbc,3des-cbc,aes256-cbc,twofish256-cbc,twofish-cbc,twofish128-cbc,blowfish-cbc","hmac-sha1-96,hmac-sha1,hmac-md5","zlib,none"
"SSH-2.0-dropbear_0.51","81e6b29b428f04acb227d83340eb57df","diffie-hellman-group1-sha1","aes128-cbc,3des-cbc,aes256-cbc,twofish256-cbc,twofish-cbc,twofish128-cbc,blowfish-cbc","hmac-sha1-96,hmac-sha1,hmac-md5","zlib,none"
"SSH-2.0-dropbear_0.52","a26a627b7cb7d8b307da9e96731e1215","diffie-hellman-group1-sha1","aes128-ctr,3des-ctr,aes256-ctr,aes128-cbc,3des-cbc,aes256-cbc,twofish256-cbc,twofish-cbc,twofish128-cbc,blowfish-cbc","hmac-sha1-96,hmac-sha1,hmac-md5","zlib,zlib@openssh.com,none"
"SSH-2.0-dropbear_0.53","16f898dd8ed8279e1055350b4e20666c","diffie-hellman-group1-sha1,diffie-hellman-group14-sha1","aes128-ctr,3des-ctr,aes256-ctr,aes128-cbc,3des-cbc,aes256-cbc,twofish256-cbc,twofish-cbc,twofish128-cbc","hmac-sha1-96,hmac-sha1,hmac-md5","zlib,zlib@openssh.com,none"
"SSH-2.0-dropbear_0.53.1","16f898dd8ed8279e1055350b4e20666c","diffie-hellman-group1-sha1,diffie-hellman-group14-sha1","aes128-ctr,3des-ctr,aes256-ctr,aes128-cbc,3des-cbc,aes256-cbc,twofish256-cbc,twofish-cbc,twofish128-cbc","hmac-sha1-96,hmac-sha1,hmac-md5","zlib,zlib@openssh.com,none"
"SSH-2.0-dropbear_2011.54","16f898dd8ed8279e1055350b4e20666c","diffie-hellman-group1-sha1,diffie-hellman-group14-sha1","aes128-ctr,3des-ctr,aes256-ctr,aes128-cbc,3des-cbc,aes256-cbc,twofish256-cbc,twofish-cbc,twofish128-cbc","hmac-sha1-96,hmac-sha1,hmac-md5","zlib,zlib@openssh.com,none"
"SSH-2.0-dropbear_2012.55","16f898dd8ed8279e1055350b4e20666c","diffie-hellman-group1-sha1,diffie-hellman-group14-sha1","aes128-ctr,3des-ctr,aes256-ctr,aes128-cbc,3des-cbc,aes256-cbc,twofish256-cbc,twofish-cbc,twofish128-cbc","hmac-sha1-96,hmac-sha1,hmac-md5","zlib,zlib@openssh.com,none"
"SSH-2.0-dropbear_2013.56","16f898dd8ed8279e1055350b4e20666c","diffie-hellman-group1-sha1,diffie-hellman-group14-sha1","aes128-ctr,3des-ctr,aes256-ctr,aes128-cbc,3des-cbc,aes256-cbc,twofish256-cbc,twofish-cbc,twofish128-cbc","hmac-sha1-96,hmac-sha1,hmac-md5","zlib,zlib@openssh.com,none"
"SSH-2.0-dropbear_2013.57","22865d7159a8dedcb091cd4fc5fd2841","diffie-hellman-group1-sha1,diffie-hellman-group14-sha1,kexguess2@matt.ucc.asn.au","aes128-ctr,3des-ctr,aes256-ctr,aes128-cbc,3des-cbc,aes256-cbc,twofish256-cbc,twofish-cbc,twofish128-cbc","hmac-sha1-96,hmac-sha1,hmac-md5","zlib,zlib@openssh.com,none"
"SSH-2.0-dropbear_2013.58","22865d7159a8dedcb091cd4fc5fd2841","diffie-hellman-group1-sha1,diffie-hellman-group14-sha1,kexguess2@matt.ucc.asn.au","aes128-ctr,3des-ctr,aes256-ctr,aes128-cbc,3des-cbc,aes256-cbc,twofish256-cbc,twofish-cbc,twofish128-cbc","hmac-sha1-96,hmac-sha1,hmac-md5","zlib,zlib@openssh.com,none"
"SSH-2.0-dropbear_2013.59","22865d7159a8dedcb091cd4fc5fd2841","diffie-hellman-group1-sha1,diffie-hellman-group14-sha1,kexguess2@matt.ucc.asn.au","aes128-ctr,3des-ctr,aes256-ctr,aes128-cbc,3des-cbc,aes256-cbc,twofish256-cbc,twofish-cbc,twofish128-cbc","hmac-sha1-96,hmac-sha1,hmac-md5","zlib,zlib@openssh.com,none"
"SSH-2.0-dropbear_2013.60","22865d7159a8dedcb091cd4fc5fd2841","diffie-hellman-group1-sha1,diffie-hellman-group14-sha1,kexguess2@matt.ucc.asn.au","aes128-ctr,3des-ctr,aes256-ctr,aes128-cbc,3des-cbc,aes256-cbc,twofish256-cbc,twofish-cbc,twofish128-cbc","hmac-sha1-96,hmac-sha1,hmac-md5","zlib,zlib@openssh.com,none"
"SSH-2.0-dropbear_2013.61test","ad00edb0c2a031d9884826ba7b7ba41e","curve25519-sha256@libssh.org,ecdh-sha2-nistp521,ecdh-sha2-nistp384,ecdh-sha2-nistp256,diffie-hellman-group1-sha1,diffie-hellman-group14-sha1,kexguess2@matt.ucc.asn.au","aes128-ctr,3des-ctr,aes256-ctr,aes128-cbc,3des-cbc,aes256-cbc,twofish256-cbc,twofish-cbc,twofish128-cbc","hmac-sha1-96,hmac-sha1,hmac-md5","zlib,zlib@openssh.com,none"
"SSH-2.0-dropbear_2013.62","ad00edb0c2a031d9884826ba7b7ba41e","curve25519-sha256@libssh.org,ecdh-sha2-nistp521,ecdh-sha2-nistp384,ecdh-sha2-nistp256,diffie-hellman-group1-sha1,diffie-hellman-group14-sha1,kexguess2@matt.ucc.asn.au","aes128-ctr,3des-ctr,aes256-ctr,aes128-cbc,3des-cbc,aes256-cbc,twofish256-cbc,twofish-cbc,twofish128-cbc","hmac-sha1-96,hmac-sha1,hmac-md5","zlib,zlib@openssh.com,none"
"SSH-2.0-dropbear_2014.63","ad00edb0c2a031d9884826ba7b7ba41e","curve25519-sha256@libssh.org,ecdh-sha2-nistp521,ecdh-sha2-nistp384,ecdh-sha2-nistp256,diffie-hellman-group1-sha1,diffie-hellman-group14-sha1,kexguess2@matt.ucc.asn.au","aes128-ctr,3des-ctr,aes256-ctr,aes128-cbc,3des-cbc,aes256-cbc,twofish256-cbc,twofish-cbc,twofish128-cbc","hmac-sha1-96,hmac-sha1,hmac-md5","zlib,zlib@openssh.com,none"
"SSH-2.0-dropbear_2014.64","ad00edb0c2a031d9884826ba7b7ba41e","curve25519-sha256@libssh.org,ecdh-sha2-nistp521,ecdh-sha2-nistp384,ecdh-sha2-nistp256,diffie-hellman-group1-sha1,diffie-hellman-group14-sha1,kexguess2@matt.ucc.asn.au","aes128-ctr,3des-ctr,aes256-ctr,aes128-cbc,3des-cbc,aes256-cbc,twofish256-cbc,twofish-cbc,twofish128-cbc","hmac-sha1-96,hmac-sha1,hmac-md5","zlib,zlib@openssh.com,none"
"SSH-2.0-dropbear_2014.65","ad00edb0c2a031d9884826ba7b7ba41e","curve25519-sha256@libssh.org,ecdh-sha2-nistp521,ecdh-sha2-nistp384,ecdh-sha2-nistp256,diffie-hellman-group1-sha1,diffie-hellman-group14-sha1,kexguess2@matt.ucc.asn.au","aes128-ctr,3des-ctr,aes256-ctr,aes128-cbc,3des-cbc,aes256-cbc,twofish256-cbc,twofish-cbc,twofish128-cbc","hmac-sha1-96,hmac-sha1,hmac-md5","zlib,zlib@openssh.com,none"
"SSH-2.0-dropbear_2014.66","ad00edb0c2a031d9884826ba7b7ba41e","curve25519-sha256@libssh.org,ecdh-sha2-nistp521,ecdh-sha2-nistp384,ecdh-sha2-nistp256,diffie-hellman-group1-sha1,diffie-hellman-group14-sha1,kexguess2@matt.ucc.asn.au","aes128-ctr,3des-ctr,aes256-ctr,aes128-cbc,3des-cbc,aes256-cbc,twofish256-cbc,twofish-cbc,twofish128-cbc","hmac-sha1-96,hmac-sha1,hmac-md5","zlib,zlib@openssh.com,none"
"SSH-2.0-dropbear_2014.66","3cb51e2442db062fbad15b6ae41ff67d","curve25519-sha256@libssh.org,ecdh-sha2-nistp521,ecdh-sha2-nistp384,ecdh-sha2-nistp256,diffie-hellman-group14-sha1,diffie-hellman-group1-sha1,kexguess2@matt.ucc.asn.au","aes128-ctr,aes256-ctr,aes128-cbc,aes256-cbc,3des-ctr,3des-cbc","hmac-sha2-256,hmac-sha2-512,hmac-sha1-96,hmac-sha1,hmac-md5","zlib@openssh.com,none"
"SSH-2.0-dropbear_2015.68","d93f46d063c4382b6232a4d77db532b2","curve25519-sha256@libssh.org,ecdh-sha2-nistp521,ecdh-sha2-nistp384,ecdh-sha2-nistp256,diffie-hellman-group14-sha1,diffie-hellman-group1-sha1,kexguess2@matt.ucc.asn.au","aes128-ctr,aes256-ctr,aes128-cbc,aes256-cbc,twofish256-cbc,twofish-cbc,twofish128-cbc,3des-ctr,3des-cbc","hmac-sha1-96,hmac-sha1,hmac-sha2-256,hmac-sha2-512,hmac-md5","zlib@openssh.com,none"
"SSH-2.0-dropbear_2015.69","d93f46d063c4382b6232a4d77db532b2","curve25519-sha256@libssh.org,ecdh-sha2-nistp521,ecdh-sha2-nistp384,ecdh-sha2-nistp256,diffie-hellman-group14-sha1,diffie-hellman-group1-sha1,kexguess2@matt.ucc.asn.au","aes128-ctr,aes256-ctr,aes128-cbc,aes256-cbc,twofish256-cbc,twofish-cbc,twofish128-cbc,3des-ctr,3des-cbc","hmac-sha1-96,hmac-sha1,hmac-sha2-256,hmac-sha2-512,hmac-md5","zlib@openssh.com,none"
"SSH-2.0-dropbear_2015.70","d93f46d063c4382b6232a4d77db532b2","curve25519-sha256@libssh.org,ecdh-sha2-nistp521,ecdh-sha2-nistp384,ecdh-sha2-nistp256,diffie-hellman-group14-sha1,diffie-hellman-group1-sha1,kexguess2@matt.ucc.asn.au","aes128-ctr,aes256-ctr,aes128-cbc,aes256-cbc,twofish256-cbc,twofish-cbc,twofish128-cbc,3des-ctr,3des-cbc","hmac-sha1-96,hmac-sha1,hmac-sha2-256,hmac-sha2-512,hmac-md5","zlib@openssh.com,none"
"SSH-2.0-dropbear_2015.71","d93f46d063c4382b6232a4d77db532b2","curve25519-sha256@libssh.org,ecdh-sha2-nistp521,ecdh-sha2-nistp384,ecdh-sha2-nistp256,diffie-hellman-group14-sha1,diffie-hellman-group1-sha1,kexguess2@matt.ucc.asn.au","aes128-ctr,aes256-ctr,aes128-cbc,aes256-cbc,twofish256-cbc,twofish-cbc,twofish128-cbc,3des-ctr,3des-cbc","hmac-sha1-96,hmac-sha1,hmac-sha2-256,hmac-sha2-512,hmac-md5","zlib@openssh.com,none"
"SSH-2.0-dropbear_2016.72","d93f46d063c4382b6232a4d77db532b2","curve25519-sha256@libssh.org,ecdh-sha2-nistp521,ecdh-sha2-nistp384,ecdh-sha2-nistp256,diffie-hellman-group14-sha1,diffie-hellman-group1-sha1,kexguess2@matt.ucc.asn.au","aes128-ctr,aes256-ctr,aes128-cbc,aes256-cbc,twofish256-cbc,twofish-cbc,twofish128-cbc,3des-ctr,3des-cbc","hmac-sha1-96,hmac-sha1,hmac-sha2-256,hmac-sha2-512,hmac-md5","zlib@openssh.com,none"
"SSH-2.0-dropbear_2016.73","d93f46d063c4382b6232a4d77db532b2","curve25519-sha256@libssh.org,ecdh-sha2-nistp521,ecdh-sha2-nistp384,ecdh-sha2-nistp256,diffie-hellman-group14-sha1,diffie-hellman-group1-sha1,kexguess2@matt.ucc.asn.au","aes128-ctr,aes256-ctr,aes128-cbc,aes256-cbc,twofish256-cbc,twofish-cbc,twofish128-cbc,3des-ctr,3des-cbc","hmac-sha1-96,hmac-sha1,hmac-sha2-256,hmac-sha2-512,hmac-md5","zlib@openssh.com,none"
"SSH-2.0-dropbear_2016.74","d93f46d063c4382b6232a4d77db532b2","curve25519-sha256@libssh.org,ecdh-sha2-nistp521,ecdh-sha2-nistp384,ecdh-sha2-nistp256,diffie-hellman-group14-sha1,diffie-hellman-group1-sha1,kexguess2@matt.ucc.asn.au","aes128-ctr,aes256-ctr,aes128-cbc,aes256-cbc,twofish256-cbc,twofish-cbc,twofish128-cbc,3des-ctr,3des-cbc","hmac-sha1-96,hmac-sha1,hmac-sha2-256,hmac-sha2-512,hmac-md5","zlib@openssh.com,none"
"SSH-2.0-dropbear_2017.75","d93f46d063c4382b6232a4d77db532b2","curve25519-sha256@libssh.org,ecdh-sha2-nistp521,ecdh-sha2-nistp384,ecdh-sha2-nistp256,diffie-hellman-group14-sha1,diffie-hellman-group1-sha1,kexguess2@matt.ucc.asn.au","aes128-ctr,aes256-ctr,aes128-cbc,aes256-cbc,twofish256-cbc,twofish-cbc,twofish128-cbc,3des-ctr,3des-cbc","hmac-sha1-96,hmac-sha1,hmac-sha2-256,hmac-sha2-512,hmac-md5","zlib@openssh.com,none"
"SSH-2.0-dropbear_2018.76","413e646031ea5204c5ec2fe2d5b7946e","curve25519-sha256,curve25519-sha256@libssh.org,ecdh-sha2-nistp521,ecdh-sha2-nistp384,ecdh-sha2-nistp256,diffie-hellman-group14-sha256,diffie-hellman-group14-sha1,kexguess2@matt.ucc.asn.au","aes128-ctr,aes256-ctr,aes128-cbc,aes256-cbc,3des-ctr,3des-cbc","hmac-sha1-96,hmac-sha1,hmac-sha2-256","zlib@openssh.com,none"
"SSH-2.0-dropbear_2019.77","413e646031ea5204c5ec2fe2d5b7946e","curve25519-sha256,curve25519-sha256@libssh.org,ecdh-sha2-nistp521,ecdh-sha2-nistp384,ecdh-sha2-nistp256,diffie-hellman-group14-sha256,diffie-hellman-group14-sha1,kexguess2@matt.ucc.asn.au","aes128-ctr,aes256-ctr,aes128-cbc,aes256-cbc,3des-ctr,3des-cbc","hmac-sha1-96,hmac-sha1,hmac-sha2-256","zlib@openssh.com,none"
"SSH-2.0-dropbear_2019.78","413e646031ea5204c5ec2fe2d5b7946e","curve25519-sha256,curve25519-sha256@libssh.org,ecdh-sha2-nistp521,ecdh-sha2-nistp384,ecdh-sha2-nistp256,diffie-hellman-group14-sha256,diffie-hellman-group14-sha1,kexguess2@matt.ucc.asn.au","aes128-ctr,aes256-ctr,aes128-cbc,aes256-cbc,3des-ctr,3des-cbc","hmac-sha1-96,hmac-sha1,hmac-sha2-256","zlib@openssh.com,none"
"SSH-2.0-dropbear_2020.79","581c7540d57c52f610b24b88b36f6084","curve25519-sha256,curve25519-sha256@libssh.org,ecdh-sha2-nistp521,ecdh-sha2-nistp384,ecdh-sha2-nistp256,diffie-hellman-group14-sha256,diffie-hellman-group14-sha1,kexguess2@matt.ucc.asn.au","chacha20-poly1305@openssh.com,aes128-ctr,aes256-ctr","hmac-sha1,hmac-sha2-256","zlib@openssh.com,none"
"SSH-2.0-dropbear_2020.80","581c7540d57c52f610b24b88b36f6084","curve25519-sha256,curve25519-sha256@libssh.org,ecdh-sha2-nistp521,ecdh-sha2-nistp384,ecdh-sha2-nistp256,diffie-hellman-group14-sha256,diffie-hellman-group14-sha1,kexguess2@matt.ucc.asn.au","chacha20-poly1305@openssh.com,aes128-ctr,aes256-ctr","hmac-sha1,hmac-sha2-256","zlib@openssh.com,none"
"SSH-2.0-dropbear_2020.81","581c7540d57c52f610b24b88b36f6084","curve25519-sha256,curve25519-sha256@libssh.org,ecdh-sha2-nistp521,ecdh-sha2-nistp384,ecdh-sha2-nistp256,diffie-hellman-group14-sha256,diffie-hellman-group14-sha1,kexguess2@matt.ucc.asn.au","chacha20-poly1305@openssh.com,aes128-ctr,aes256-ctr","hmac-sha1,hmac-sha2-256","zlib@openssh.com,none"
"SSH-2.0-dropbear_2022.82","581c7540d57c52f610b24b88b36f6084","curve25519-sha256,curve25519-sha256@libssh.org,ecdh-sha2-nistp521,ecdh-sha2-nistp384,ecdh-sha2-nistp256,diffie-hellman-group14-sha256,diffie-hellman-group14-sha1,kexguess2@matt.ucc.asn.au","chacha20-poly1305@openssh.com,aes128-ctr,aes256-ctr","hmac-sha1,hmac-sha2-256","zlib@openssh.com,none"
"SSH-2.0-dropbear_2022.83","581c7540d57c52f610b24b88b36f6084","curve25519-sha256,curve25519-sha256@libssh.org,ecdh-sha2-nistp521,ecdh-sha2-nistp384,ecdh-sha2-nistp256,diffie-hellman-group14-sha256,diffie-hellman-group14-sha1,kexguess2@matt.ucc.asn.au","chacha20-poly1305@openssh.com,aes128-ctr,aes256-ctr","hmac-sha1,hmac-sha2-256","zlib@openssh.com,none"
"SSH-2.0-dropbear_2024.84","e1a0b5f8d334ec70fe937b2d5ff8d0b6","curve25519-sha256,curve25519-sha256@libssh.org,ecdh-sha2-nistp521,ecdh-sha2-nistp384,ecdh-sha2-nistp256,diffie-hellman-group14-sha256,diffie-hellman-group14-sha1,kexguess2@matt.ucc.asn.au,kex-strict-s-v00@openssh.com","chacha20-poly1305@openssh.com,aes128-ctr,aes256-ctr","hmac-sha1,hmac-sha2-256","zlib@openssh.com,none"
"SSH-2.0-dropbear_2024.85","e1a0b5f8d334ec70fe937b2d5ff8d0b6","curve25519-sha256,curve25519-sha256@libssh.org,ecdh-sha2-nistp521,ecdh-sha2-nistp384,ecdh-sha2-nistp256,diffie-hellman-group14-sha256,diffie-hellman-group14-sha1,kexguess2@matt.ucc.asn.au,kex-strict-s-v00@openssh.com","chacha20-poly1305@openssh.com,aes128-ctr,aes256-ctr","hmac-sha1,hmac-sha2-256","zlib@openssh.com,none"
"SSH-2.0-dropbear_2024.86","e1a0b5f8d334ec70fe937b2d5ff8d0b6","curve25519-sha256,curve25519-sha256@libssh.org,ecdh-sha2-nistp521,ecdh-sha2-nistp384,ecdh-sha2-nistp256,diffie-hellman-group14-sha256,diffie-hellman-group14-sha1,kexguess2@matt.ucc.asn.au,kex-strict-s-v00@openssh.com","chacha20-poly1305@openssh.com,aes128-ctr,aes256-ctr","hmac-sha1,hmac-sha2-256","zlib@openssh.com,none"
"SSH-2.0-dropbear_2025.87","223440d715dad2172ff5f50e87dc537a","sntrup761x25519-sha512,sntrup761x25519-sha512@openssh.com,mlkem768x25519-sha256,curve25519-sha256,curve25519-sha256@libssh.org,ecdh-sha2-nistp521,ecdh-sha2-nistp384,ecdh-sha2-nistp256,diffie-hellman-group14-sha256,kexguess2@matt.ucc.asn.au,kex-strict-s-v00@openssh.com","chacha20-poly1305@openssh.com,aes256-ctr,aes128-ctr","hmac-sha2-256","zlib@openssh.com,zlib,none"
"SSH-2.0-dropbear_2025.88","223440d715dad2172ff5f50e87dc537a","sntrup761x25519-sha512,sntrup761x25519-sha512@openssh.com,mlkem768x25519-sha256,curve25519-sha256,curve25519-sha256@libssh.org,ecdh-sha2-nistp521,ecdh-sha2-nistp384,ecdh-sha2-nistp256,diffie-hellman-group14-sha256,kexguess2@matt.ucc.asn.au,kex-strict-s-v00@openssh.com","chacha20-poly1305@openssh.com,aes256-ctr,aes128-ctr","hmac-sha2-256","zlib@openssh.com,zlib,none"
"SSH-2.0-dropbear_0.52","a26a627b7cb7d8b307da9e96731e1215","diffie-hellman-group1-sha1","aes128-ctr,3des-ctr,aes256-ctr,aes128-cbc,3des-cbc,aes256-cbc,twofish256-cbc,twofish-cbc,twofish128-cbc,blowfish-cbc","hmac-sha1-96,hmac-sha1,hmac-md5","zlib,zlib@openssh.com,none"
"SSH-2.0-OpenSSH_10.0","671c5858369db8e0a60108d866bbf8ec","mlkem768x25519-sha256,sntrup761x25519-sha512,sntrup761x25519-sha512@openssh.com,curve25519-sha256,curve25519-sha256@libssh.org,ecdh-sha2-nistp256,ecdh-sha2-nistp384,ecdh-sha2-nistp521,ext-info-s,kex-strict-s-v00@openssh.com","chacha20-poly1305@openssh.com,aes128-gcm@openssh.com,aes256-gcm@openssh.com,aes128-ctr,aes192-ctr,aes256-ctr","umac-64-etm@openssh.com,umac-128-etm@openssh.com,hmac-sha2-256-etm@openssh.com,hmac-sha2-512-etm@openssh.com,hmac-sha1-etm@openssh.com,umac-64@openssh.com,umac-128@openssh.com,hmac-sha2-256,hmac-sha2-512,hmac-sha1","none,zlib@openssh.com"
"SSH-2.0-OpenSSH_10.0","671c5858369db8e0a60108d866bbf8ec","mlkem768x25519-sha256,sntrup761x25519-sha512,sntrup761x25519-sha512@openssh.com,curve25519-sha256,curve25519-sha256@libssh.org,ecdh-sha2-nistp256,ecdh-sha2-nistp384,ecdh-sha2-nistp521,ext-info-s,kex-strict-s-v00@openssh.com","chacha20-poly1305@openssh.com,aes128-gcm@openssh.com,aes256-gcm@openssh.com,aes128-ctr,aes192-ctr,aes256-ctr","umac-64-etm@openssh.com,umac-128-etm@openssh.com,hmac-sha2-256-etm@openssh.com,hmac-sha2-512-etm@openssh.com,hmac-sha1-etm@openssh.com,umac-64@openssh.com,umac-128@openssh.com,hmac-sha2-256,hmac-sha2-512,hmac-sha1","none,zlib@openssh.com"
"SSH-2.0-OpenSSH_7.9","b12d2871a1189eff20364cf5333619ee","curve25519-sha256,curve25519-sha256@libssh.org,ecdh-sha2-nistp256,ecdh-sha2-nistp384,ecdh-sha2-nistp521,diffie-hellman-group-exchange-sha256,diffie-hellman-group16-sha512,diffie-hellman-group18-sha512,diffie-hellman-group14-sha256,diffie-hellman-group14-sha1","chacha20-poly1305@openssh.com,aes128-ctr,aes192-ctr,aes256-ctr,aes128-gcm@openssh.com,aes256-gcm@openssh.com","umac-64-etm@openssh.com,umac-128-etm@openssh.com,hmac-sha2-256-etm@openssh.com,hmac-sha2-512-etm@openssh.com,hmac-sha1-etm@openssh.com,umac-64@openssh.com,umac-128@openssh.com,hmac-sha2-256,hmac-sha2-512,hmac-sha1","none,zlib@openssh.com"
"SSH-2.0-OpenSSH_8.0","b12d2871a1189eff20364cf5333619ee","curve25519-sha256,curve25519-sha256@libssh.org,ecdh-sha2-nistp256,ecdh-sha2-nistp384,ecdh-sha2-nistp521,diffie-hellman-group-exchange-sha256,diffie-hellman-group16-sha512,diffie-hellman-group18-sha512,diffie-hellman-group14-sha256,diffie-hellman-group14-sha1","chacha20-poly1305@openssh.com,aes128-ctr,aes192-ctr,aes256-ctr,aes128-gcm@openssh.com,aes256-gcm@openssh.com","umac-64-etm@openssh.com,umac-128-etm@openssh.com,hmac-sha2-256-etm@openssh.com,hmac-sha2-512-etm@openssh.com,hmac-sha1-etm@openssh.com,umac-64@openssh.com,umac-128@openssh.com,hmac-sha2-256,hmac-sha2-512,hmac-sha1","none,zlib@openssh.com"
"SSH-2.0-OpenSSH_8.1","b12d2871a1189eff20364cf5333619ee","curve25519-sha256,curve25519-sha256@libssh.org,ecdh-sha2-nistp256,ecdh-sha2-nistp384,ecdh-sha2-nistp521,diffie-hellman-group-exchange-sha256,diffie-hellman-group16-sha512,diffie-hellman-group18-sha512,diffie-hellman-group14-sha256,diffie-hellman-group14-sha1","chacha20-poly1305@openssh.com,aes128-ctr,aes192-ctr,aes256-ctr,aes128-gcm@openssh.com,aes256-gcm@openssh.com","umac-64-etm@openssh.com,umac-128-etm@openssh.com,hmac-sha2-256-etm@openssh.com,hmac-sha2-512-etm@openssh.com,hmac-sha1-etm@openssh.com,umac-64@openssh.com,umac-128@openssh.com,hmac-sha2-256,hmac-sha2-512,hmac-sha1","none,zlib@openssh.com"
"SSH-2.0-OpenSSH_8.2","3ccd1778a76049721c71ad7d2bf62bbc","curve25519-sha256,curve25519-sha256@libssh.org,ecdh-sha2-nistp256,ecdh-sha2-nistp384,ecdh-sha2-nistp521,diffie-hellman-group-exchange-sha256,diffie-hellman-group16-sha512,diffie-hellman-group18-sha512,diffie-hellman-group14-sha256","chacha20-poly1305@openssh.com,aes128-ctr,aes192-ctr,aes256-ctr,aes128-gcm@openssh.com,aes256-gcm@openssh.com","umac-64-etm@openssh.com,umac-128-etm@openssh.com,hmac-sha2-256-etm@openssh.com,hmac-sha2-512-etm@openssh.com,hmac-sha1-etm@openssh.com,umac-64@openssh.com,umac-128@openssh.com,hmac-sha2-256,hmac-sha2-512,hmac-sha1","none,zlib@openssh.com"
"SSH-2.0-OpenSSH_8.3","3ccd1778a76049721c71ad7d2bf62bbc","curve25519-sha256,curve25519-sha256@libssh.org,ecdh-sha2-nistp256,ecdh-sha2-nistp384,ecdh-sha2-nistp521,diffie-hellman-group-exchange-sha256,diffie-hellman-group16-sha512,diffie-hellman-group18-sha512,diffie-hellman-group14-sha256","chacha20-poly1305@openssh.com,aes128-ctr,aes192-ctr,aes256-ctr,aes128-gcm@openssh.com,aes256-gcm@openssh.com","umac-64-etm@openssh.com,umac-128-etm@openssh.com,hmac-sha2-256-etm@openssh.com,hmac-sha2-512-etm@openssh.com,hmac-sha1-etm@openssh.com,umac-64@openssh.com,umac-128@openssh.com,hmac-sha2-256,hmac-sha2-512,hmac-sha1","none,zlib@openssh.com"
"SSH-2.0-OpenSSH_8.4","3ccd1778a76049721c71ad7d2bf62bbc","curve25519-sha256,curve25519-sha256@libssh.org,ecdh-sha2-nistp256,ecdh-sha2-nistp384,ecdh-sha2-nistp521,diffie-hellman-group-exchange-sha256,diffie-hellman-group16-sha512,diffie-hellman-group18-sha512,diffie-hellman-group14-sha256","chacha20-poly1305@openssh.com,aes128-ctr,aes192-ctr,aes256-ctr,aes128-gcm@openssh.com,aes256-gcm@openssh.com","umac-64-etm@openssh.com,umac-128-etm@openssh.com,hmac-sha2-256-etm@openssh.com,hmac-sha2-512-etm@openssh.com,hmac-sha1-etm@openssh.com,umac-64@openssh.com,umac-128@openssh.com,hmac-sha2-256,hmac-sha2-512,hmac-sha1","none,zlib@openssh.com"
"SSH-2.0-OpenSSH_8.5","3ccd1778a76049721c71ad7d2bf62bbc","curve25519-sha256,curve25519-sha256@libssh.org,ecdh-sha2-nistp256,ecdh-sha2-nistp384,ecdh-sha2-nistp521,diffie-hellman-group-exchange-sha256,diffie-hellman-group16-sha512,diffie-hellman-group18-sha512,diffie-hellman-group14-sha256","chacha20-poly1305@openssh.com,aes128-ctr,aes192-ctr,aes256-ctr,aes128-gcm@openssh.com,aes256-gcm@openssh.com","umac-64-etm@openssh.com,umac-128-etm@openssh.com,hmac-sha2-256-etm@openssh.com,hmac-sha2-512-etm@openssh.com,hmac-sha1-etm@openssh.com,umac-64@openssh.com,umac-128@openssh.com,hmac-sha2-256,hmac-sha2-512,hmac-sha1","none,zlib@openssh.com"
"SSH-2.0-OpenSSH_8.6","3ccd1778a76049721c71ad7d2bf62bbc","curve25519-sha256,curve25519-sha256@libssh.org,ecdh-sha2-nistp256,ecdh-sha2-nistp384,ecdh-sha2-nistp521,diffie-hellman-group-exchange-sha256,diffie-hellman-group16-sha512,diffie-hellman-group18-sha512,diffie-hellman-group14-sha256","chacha20-poly1305@openssh.com,aes128-ctr,aes192-ctr,aes256-ctr,aes128-gcm@openssh.com,aes256-gcm@openssh.com","umac-64-etm@openssh.com,umac-128-etm@openssh.com,hmac-sha2-256-etm@openssh.com,hmac-sha2-512-etm@openssh.com,hmac-sha1-etm@openssh.com,umac-64@openssh.com,umac-128@openssh.com,hmac-sha2-256,hmac-sha2-512,hmac-sha1","none,zlib@openssh.com"
"SSH-2.0-OpenSSH_8.7","3ccd1778a76049721c71ad7d2bf62bbc","curve25519-sha256,curve25519-sha256@libssh.org,ecdh-sha2-nistp256,ecdh-sha2-nistp384,ecdh-sha2-nistp521,diffie-hellman-group-exchange-sha256,diffie-hellman-group16-sha512,diffie-hellman-group18-sha512,diffie-hellman-group14-sha256","chacha20-poly1305@openssh.com,aes128-ctr,aes192-ctr,aes256-ctr,aes128-gcm@openssh.com,aes256-gcm@openssh.com","umac-64-etm@openssh.com,umac-128-etm@openssh.com,hmac-sha2-256-etm@openssh.com,hmac-sha2-512-etm@openssh.com,hmac-sha1-etm@openssh.com,umac-64@openssh.com,umac-128@openssh.com,hmac-sha2-256,hmac-sha2-512,hmac-sha1","none,zlib@openssh.com"
"SSH-2.0-OpenSSH_8.8","3ccd1778a76049721c71ad7d2bf62bbc","curve25519-sha256,curve25519-sha256@libssh.org,ecdh-sha2-nistp256,ecdh-sha2-nistp384,ecdh-sha2-nistp521,diffie-hellman-group-exchange-sha256,diffie-hellman-group16-sha512,diffie-hellman-group18-sha512,diffie-hellman-group14-sha256","chacha20-poly1305@openssh.com,aes128-ctr,aes192-ctr,aes256-ctr,aes128-gcm@openssh.com,aes256-gcm@openssh.com","umac-64-etm@openssh.com,umac-128-etm@openssh.com,hmac-sha2-256-etm@openssh.com,hmac-sha2-512-etm@openssh.com,hmac-sha1-etm@openssh.com,umac-64@openssh.com,umac-128@openssh.com,hmac-sha2-256,hmac-sha2-512,hmac-sha1","none,zlib@openssh.com"
"SSH-2.0-OpenSSH_8.9","699519fdcc30cbcd093d5cd01e4b1d56","curve25519-sha256,curve25519-sha256@libssh.org,ecdh-sha2-nistp256,ecdh-sha2-nistp384,ecdh-sha2-nistp521,sntrup761x25519-sha512@openssh.com,diffie-hellman-group-exchange-sha256,diffie-hellman-group16-sha512,diffie-hellman-group18-sha512,diffie-hellman-group14-sha256","chacha20-poly1305@openssh.com,aes128-ctr,aes192-ctr,aes256-ctr,aes128-gcm@openssh.com,aes256-gcm@openssh.com","umac-64-etm@openssh.com,umac-128-etm@openssh.com,hmac-sha2-256-etm@openssh.com,hmac-sha2-512-etm@openssh.com,hmac-sha1-etm@openssh.com,umac-64@openssh.com,umac-128@openssh.com,hmac-sha2-256,hmac-sha2-512,hmac-sha1","none,zlib@openssh.com"
"SSH-2.0-OpenSSH_9.0","a984ff804585fabe3cd08f4b3849024a","sntrup761x25519-sha512@openssh.com,curve25519-sha256,curve25519-sha256@libssh.org,ecdh-sha2-nistp256,ecdh-sha2-nistp384,ecdh-sha2-nistp521,diffie-hellman-group-exchange-sha256,diffie-hellman-group16-sha512,diffie-hellman-group18-sha512,diffie-hellman-group14-sha256","chacha20-poly1305@openssh.com,aes128-ctr,aes192-ctr,aes256-ctr,aes128-gcm@openssh.com,aes256-gcm@openssh.com","umac-64-etm@openssh.com,umac-128-etm@openssh.com,hmac-sha2-256-etm@openssh.com,hmac-sha2-512-etm@openssh.com,hmac-sha1-etm@openssh.com,umac-64@openssh.com,umac-128@openssh.com,hmac-sha2-256,hmac-sha2-512,hmac-sha1","none,zlib@openssh.com"
"SSH-2.0-OpenSSH_9.1","a984ff804585fabe3cd08f4b3849024a","sntrup761x25519-sha512@openssh.com,curve25519-sha256,curve25519-sha256@libssh.org,ecdh-sha2-nistp256,ecdh-sha2-nistp384,ecdh-sha2-nistp521,diffie-hellman-group-exchange-sha256,diffie-hellman-group16-sha512,diffie-hellman-group18-sha512,diffie-hellman-group14-sha256","chacha20-poly1305@openssh.com,aes128-ctr,aes192-ctr,aes256-ctr,aes128-gcm@openssh.com,aes256-gcm@openssh.com","umac-64-etm@openssh.com,umac-128-etm@openssh.com,hmac-sha2-256-etm@openssh.com,hmac-sha2-512-etm@openssh.com,hmac-sha1-etm@openssh.com,umac-64@openssh.com,umac-128@openssh.com,hmac-sha2-256,hmac-sha2-512,hmac-sha1","none,zlib@openssh.com"
"SSH-2.0-OpenSSH_9.2","a984ff804585fabe3cd08f4b3849024a","sntrup761x25519-sha512@openssh.com,curve25519-sha256,curve25519-sha256@libssh.org,ecdh-sha2-nistp256,ecdh-sha2-nistp384,ecdh-sha2-nistp521,diffie-hellman-group-exchange-sha256,diffie-hellman-group16-sha512,diffie-hellman-group18-sha512,diffie-hellman-group14-sha256","chacha20-poly1305@openssh.com,aes128-ctr,aes192-ctr,aes256-ctr,aes128-gcm@openssh.com,aes256-gcm@openssh.com","umac-64-etm@openssh.com,umac-128-etm@openssh.com,hmac-sha2-256-etm@openssh.com,hmac-sha2-512-etm@openssh.com,hmac-sha1-etm@openssh.com,umac-64@openssh.com,umac-128@openssh.com,hmac-sha2-256,hmac-sha2-512,hmac-sha1","none,zlib@openssh.com"
"SSH-2.0-OpenSSH_9.3","a984ff804585fabe3cd08f4b3849024a","sntrup761x25519-sha512@openssh.com,curve25519-sha256,curve25519-sha256@libssh.org,ecdh-sha2-nistp256,ecdh-sha2-nistp384,ecdh-sha2-nistp521,diffie-hellman-group-exchange-sha256,diffie-hellman-group16-sha512,diffie-hellman-group18-sha512,diffie-hellman-group14-sha256","chacha20-poly1305@openssh.com,aes128-ctr,aes192-ctr,aes256-ctr,aes128-gcm@openssh.com,aes256-gcm@openssh.com","umac-64-etm@openssh.com,umac-128-etm@openssh.com,hmac-sha2-256-etm@openssh.com,hmac-sha2-512-etm@openssh.com,hmac-sha1-etm@openssh.com,umac-64@openssh.com,umac-128@openssh.com,hmac-sha2-256,hmac-sha2-512,hmac-sha1","none,zlib@openssh.com"
"SSH-2.0-OpenSSH_9.3","a984ff804585fabe3cd08f4b3849024a","sntrup761x25519-sha512@openssh.com,curve25519-sha256,curve25519-sha256@libssh.org,ecdh-sha2-nistp256,ecdh-sha2-nistp384,ecdh-sha2-nistp521,diffie-hellman-group-exchange-sha256,diffie-hellman-group16-sha512,diffie-hellman-group18-sha512,diffie-hellman-group14-sha256","chacha20-poly1305@openssh.com,aes128-ctr,aes192-ctr,aes256-ctr,aes128-gcm@openssh.com,aes256-gcm@openssh.com","umac-64-etm@openssh.com,umac-128-etm@openssh.com,hmac-sha2-256-etm@openssh.com,hmac-sha2-512-etm@openssh.com,hmac-sha1-etm@openssh.com,umac-64@openssh.com,umac-128@openssh.com,hmac-sha2-256,hmac-sha2-512,hmac-sha1","none,zlib@openssh.com"
"SSH-2.0-OpenSSH_9.4","a984ff804585fabe3cd08f4b3849024a","sntrup761x25519-sha512@openssh.com,curve25519-sha256,curve25519-sha256@libssh.org,ecdh-sha2-nistp256,ecdh-sha2-nistp384,ecdh-sha2-nistp521,diffie-hellman-group-exchange-sha256,diffie-hellman-group16-sha512,diffie-hellman-group18-sha512,diffie-hellman-group14-sha256","chacha20-poly1305@openssh.com,aes128-ctr,aes192-ctr,aes256-ctr,aes128-gcm@openssh.com,aes256-gcm@openssh.com","umac-64-etm@openssh.com,umac-128-etm@openssh.com,hmac-sha2-256-etm@openssh.com,hmac-sha2-512-etm@openssh.com,hmac-sha1-etm@openssh.com,umac-64@openssh.com,umac-128@openssh.com,hmac-sha2-256,hmac-sha2-512,hmac-sha1","none,zlib@openssh.com"
"SSH-2.0-OpenSSH_9.5","a984ff804585fabe3cd08f4b3849024a","sntrup761x25519-sha512@openssh.com,curve25519-sha256,curve25519-sha256@libssh.org,ecdh-sha2-nistp256,ecdh-sha2-nistp384,ecdh-sha2-nistp521,diffie-hellman-group-exchange-sha256,diffie-hellman-group16-sha512,diffie-hellman-group18-sha512,diffie-hellman-group14-sha256","chacha20-poly1305@openssh.com,aes128-ctr,aes192-ctr,aes256-ctr,aes128-gcm@openssh.com,aes256-gcm@openssh.com","umac-64-etm@openssh.com,umac-128-etm@openssh.com,hmac-sha2-256-etm@openssh.com,hmac-sha2-512-etm@openssh.com,hmac-sha1-etm@openssh.com,umac-64@openssh.com,umac-128@openssh.com,hmac-sha2-256,hmac-sha2-512,hmac-sha1","none,zlib@openssh.com"
"SSH-2.0-OpenSSH_9.6","e42184b06d45385a906f0803d04c83da","sntrup761x25519-sha512@openssh.com,curve25519-sha256,curve25519-sha256@libssh.org,ecdh-sha2-nistp256,ecdh-sha2-nistp384,ecdh-sha2-nistp521,diffie-hellman-group-exchange-sha256,diffie-hellman-group16-sha512,diffie-hellman-group18-sha512,diffie-hellman-group14-sha256,ext-info-s,kex-strict-s-v00@openssh.com","chacha20-poly1305@openssh.com,aes128-ctr,aes192-ctr,aes256-ctr,aes128-gcm@openssh.com,aes256-gcm@openssh.com","umac-64-etm@openssh.com,umac-128-etm@openssh.com,hmac-sha2-256-etm@openssh.com,hmac-sha2-512-etm@openssh.com,hmac-sha1-etm@openssh.com,umac-64@openssh.com,umac-128@openssh.com,hmac-sha2-256,hmac-sha2-512,hmac-sha1","none,zlib@openssh.com"
"SSH-2.0-OpenSSH_9.7","e42184b06d45385a906f0803d04c83da","sntrup761x25519-sha512@openssh.com,curve25519-sha256,curve25519-sha256@libssh.org,ecdh-sha2-nistp256,ecdh-sha2-nistp384,ecdh-sha2-nistp521,diffie-hellman-group-exchange-sha256,diffie-hellman-group16-sha512,diffie-hellman-group18-sha512,diffie-hellman-group14-sha256,ext-info-s,kex-strict-s-v00@openssh.com","chacha20-poly1305@openssh.com,aes128-ctr,aes192-ctr,aes256-ctr,aes128-gcm@openssh.com,aes256-gcm@openssh.com","umac-64-etm@openssh.com,umac-128-etm@openssh.com,hmac-sha2-256-etm@openssh.com,hmac-sha2-512-etm@openssh.com,hmac-sha1-etm@openssh.com,umac-64@openssh.com,umac-128@openssh.com,hmac-sha2-256,hmac-sha2-512,hmac-sha1","none,zlib@openssh.com"
"SSH-2.0-OpenSSH_9.8","e42184b06d45385a906f0803d04c83da","sntrup761x25519-sha512@openssh.com,curve25519-sha256,curve25519-sha256@libssh.org,ecdh-sha2-nistp256,ecdh-sha2-nistp384,ecdh-sha2-nistp521,diffie-hellman-group-exchange-sha256,diffie-hellman-group16-sha512,diffie-hellman-group18-sha512,diffie-hellman-group14-sha256,ext-info-s,kex-strict-s-v00@openssh.com","chacha20-poly1305@openssh.com,aes128-ctr,aes192-ctr,aes256-ctr,aes128-gcm@openssh.com,aes256-gcm@openssh.com","umac-64-etm@openssh.com,umac-128-etm@openssh.com,hmac-sha2-256-etm@openssh.com,hmac-sha2-512-etm@openssh.com,hmac-sha1-etm@openssh.com,umac-64@openssh.com,umac-128@openssh.com,hmac-sha2-256,hmac-sha2-512,hmac-sha1","none,zlib@openssh.com"
"SSH-2.0-OpenSSH_9.9","bbd3df916ddc675cc91c127ab1a90657","sntrup761x25519-sha512,sntrup761x25519-sha512@openssh.com,mlkem768x25519-sha256,curve25519-sha256,curve25519-sha256@libssh.org,ecdh-sha2-nistp256,ecdh-sha2-nistp384,ecdh-sha2-nistp521,diffie-hellman-group-exchange-sha256,diffie-hellman-group16-sha512,diffie-hellman-group18-sha512,diffie-hellman-group14-sha256,ext-info-s,kex-strict-s-v00@openssh.com","chacha20-poly1305@openssh.com,aes128-ctr,aes192-ctr,aes256-ctr,aes128-gcm@openssh.com,aes256-gcm@openssh.com","umac-64-etm@openssh.com,umac-128-etm@openssh.com,hmac-sha2-256-etm@openssh.com,hmac-sha2-512-etm@openssh.com,hmac-sha1-etm@openssh.com,umac-64@openssh.com,umac-128@openssh.com,hmac-sha2-256,hmac-sha2-512,hmac-sha1","none,zlib@openssh.com"
"SSH-2.0-OpenSSH_9.9","bbd3df916ddc675cc91c127ab1a90657","sntrup761x25519-sha512,sntrup761x25519-sha512@openssh.com,mlkem768x25519-sha256,curve25519-sha256,curve25519-sha256@libssh.org,ecdh-sha2-nistp256,ecdh-sha2-nistp384,ecdh-sha2-nistp521,diffie-hellman-group-exchange-sha256,diffie-hellman-group16-sha512,diffie-hellman-group18-sha512,diffie-hellman-group14-sha256,ext-info-s,kex-strict-s-v00@openssh.com","chacha20-poly1305@openssh.com,aes128-ctr,aes192-ctr,aes256-ctr,aes128-gcm@openssh.com,aes256-gcm@openssh.com","umac-64-etm@openssh.com,umac-128-etm@openssh.com,hmac-sha2-256-etm@openssh.com,hmac-sha2-512-etm@openssh.com,hmac-sha1-etm@openssh.com,umac-64@openssh.com,umac-128@openssh.com,hmac-sha2-256,hmac-sha2-512,hmac-sha1","none,zlib@openssh.com"
"SSH-2.0-OpenSSH_4.4","d741d40edcb840b200eafea6aaa1dff6","diffie-hellman-group-exchange-sha256,diffie-hellman-group-exchange-sha1,diffie-hellman-group14-sha1,diffie-hellman-group1-sha1","aes128-cbc,3des-cbc,blowfish-cbc,cast128-cbc,arcfour128,arcfour256,arcfour,aes192-cbc,aes256-cbc,rijndael-cbc@lysator.liu.se,aes128-ctr,aes192-ctr,aes256-ctr","hmac-md5,hmac-sha1,hmac-ripemd160,hmac-ripemd160@openssh.com,hmac-sha1-96,hmac-md5-96","none,zlib@openssh.com"
"SSH-2.0-OpenSSH_4.5","d741d40edcb840b200eafea6aaa1dff6","diffie-hellman-group-exchange-sha256,diffie-hellman-group-exchange-sha1,diffie-hellman-group14-sha1,diffie-hellman-group1-sha1","aes128-cbc,3des-cbc,blowfish-cbc,cast128-cbc,arcfour128,arcfour256,arcfour,aes192-cbc,aes256-cbc,rijndael-cbc@lysator.liu.se,aes128-ctr,aes192-ctr,aes256-ctr","hmac-md5,hmac-sha1,hmac-ripemd160,hmac-ripemd160@openssh.com,hmac-sha1-96,hmac-md5-96","none,zlib@openssh.com"
"SSH-2.0-OpenSSH_4.6","d741d40edcb840b200eafea6aaa1dff6","diffie-hellman-group-exchange-sha256,diffie-hellman-group-exchange-sha1,diffie-hellman-group14-sha1,diffie-hellman-group1-sha1","aes128-cbc,3des-cbc,blowfish-cbc,cast128-cbc,arcfour128,arcfour256,arcfour,aes192-cbc,aes256-cbc,rijndael-cbc@lysator.liu.se,aes128-ctr,aes192-ctr,aes256-ctr","hmac-md5,hmac-sha1,hmac-ripemd160,hmac-ripemd160@openssh.com,hmac-sha1-96,hmac-md5-96","none,zlib@openssh.com"
"SSH-2.0-OpenSSH_4.7","2270b0152ebe5afb20df3041c7f076a2","diffie-hellman-group-exchange-sha256,diffie-hellman-group-exchange-sha1,diffie-hellman-group14-sha1,diffie-hellman-group1-sha1","aes128-cbc,3des-cbc,blowfish-cbc,cast128-cbc,arcfour128,arcfour256,arcfour,aes192-cbc,aes256-cbc,rijndael-cbc@lysator.liu.se,aes128-ctr,aes192-ctr,aes256-ctr","hmac-md5,hmac-sha1,umac-64@openssh.com,hmac-ripemd160,hmac-ripemd160@openssh.com,hmac-sha1-96,hmac-md5-96","none,zlib@openssh.com"
"SSH-2.0-OpenSSH_4.9","2270b0152ebe5afb20df3041c7f076a2","diffie-hellman-group-exchange-sha256,diffie-hellman-group-exchange-sha1,diffie-hellman-group14-sha1,diffie-hellman-group1-sha1","aes128-cbc,3des-cbc,blowfish-cbc,cast128-cbc,arcfour128,arcfour256,arcfour,aes192-cbc,aes256-cbc,rijndael-cbc@lysator.liu.se,aes128-ctr,aes192-ctr,aes256-ctr","hmac-md5,hmac-sha1,umac-64@openssh.com,hmac-ripemd160,hmac-ripemd160@openssh.com,hmac-sha1-96,hmac-md5-96","none,zlib@openssh.com"
"SSH-2.0-OpenSSH_5.0","2270b0152ebe5afb20df3041c7f076a2","diffie-hellman-group-exchange-sha256,diffie-hellman-group-exchange-sha1,diffie-hellman-group14-sha1,diffie-hellman-group1-sha1","aes128-cbc,3des-cbc,blowfish-cbc,cast128-cbc,arcfour128,arcfour256,arcfour,aes192-cbc,aes256-cbc,rijndael-cbc@lysator.liu.se,aes128-ctr,aes192-ctr,aes256-ctr","hmac-md5,hmac-sha1,umac-64@openssh.com,hmac-ripemd160,hmac-ripemd160@openssh.com,hmac-sha1-96,hmac-md5-96","none,zlib@openssh.com"
"SSH-2.0-OpenSSH_5.1","2270b0152ebe5afb20df3041c7f076a2","diffie-hellman-group-exchange-sha256,diffie-hellman-group-exchange-sha1,diffie-hellman-group14-sha1,diffie-hellman-group1-sha1","aes128-cbc,3des-cbc,blowfish-cbc,cast128-cbc,arcfour128,arcfour256,arcfour,aes192-cbc,aes256-cbc,rijndael-cbc@lysator.liu.se,aes128-ctr,aes192-ctr,aes256-ctr","hmac-md5,hmac-sha1,umac-64@openssh.com,hmac-ripemd160,hmac-ripemd160@openssh.com,hmac-sha1-96,hmac-md5-96","none,zlib@openssh.com"
"SSH-2.0-OpenSSH_5.2","b1c6c0d56317555b85c7005a3de29325","diffie-hellman-group-exchange-sha256,diffie-hellman-group-exchange-sha1,diffie-hellman-group14-sha1,diffie-hellman-group1-sha1","aes128-ctr,aes192-ctr,aes256-ctr,arcfour256,arcfour128,aes128-cbc,3des-cbc,blowfish-cbc,cast128-cbc,aes192-cbc,aes256-cbc,arcfour,rijndael-cbc@lysator.liu.se","hmac-md5,hmac-sha1,umac-64@openssh.com,hmac-ripemd160,hmac-ripemd160@openssh.com,hmac-sha1-96,hmac-md5-96","none,zlib@openssh.com"
"SSH-2.0-OpenSSH_5.3","b1c6c0d56317555b85c7005a3de29325","diffie-hellman-group-exchange-sha256,diffie-hellman-group-exchange-sha1,diffie-hellman-group14-sha1,diffie-hellman-group1-sha1","aes128-ctr,aes192-ctr,aes256-ctr,arcfour256,arcfour128,aes128-cbc,3des-cbc,blowfish-cbc,cast128-cbc,aes192-cbc,aes256-cbc,arcfour,rijndael-cbc@lysator.liu.se","hmac-md5,hmac-sha1,umac-64@openssh.com,hmac-ripemd160,hmac-ripemd160@openssh.com,hmac-sha1-96,hmac-md5-96","none,zlib@openssh.com"
"SSH-2.0-OpenSSH_5.4","b1c6c0d56317555b85c7005a3de29325","diffie-hellman-group-exchange-sha256,diffie-hellman-group-exchange-sha1,diffie-hellman-group14-sha1,diffie-hellman-group1-sha1","aes128-ctr,aes192-ctr,aes256-ctr,arcfour256,arcfour128,aes128-cbc,3des-cbc,blowfish-cbc,cast128-cbc,aes192-cbc,aes256-cbc,arcfour,rijndael-cbc@lysator.liu.se","hmac-md5,hmac-sha1,umac-64@openssh.com,hmac-ripemd160,hmac-ripemd160@openssh.com,hmac-sha1-96,hmac-md5-96","none,zlib@openssh.com"
"SSH-2.0-OpenSSH_5.5","b1c6c0d56317555b85c7005a3de29325","diffie-hellman-group-exchange-sha256,diffie-hellman-group-exchange-sha1,diffie-hellman-group14-sha1,diffie-hellman-group1-sha1","aes128-ctr,aes192-ctr,aes256-ctr,arcfour256,arcfour128,aes128-cbc,3des-cbc,blowfish-cbc,cast128-cbc,aes192-cbc,aes256-cbc,arcfour,rijndael-cbc@lysator.liu.se","hmac-md5,hmac-sha1,umac-64@openssh.com,hmac-ripemd160,hmac-ripemd160@openssh.com,hmac-sha1-96,hmac-md5-96","none,zlib@openssh.com"
"SSH-2.0-OpenSSH_5.6","b1c6c0d56317555b85c7005a3de29325","diffie-hellman-group-exchange-sha256,diffie-hellman-group-exchange-sha1,diffie-hellman-group14-sha1,diffie-hellman-group1-sha1","aes128-ctr,aes192-ctr,aes256-ctr,arcfour256,arcfour128,aes128-cbc,3des-cbc,blowfish-cbc,cast128-cbc,aes192-cbc,aes256-cbc,arcfour,rijndael-cbc@lysator.liu.se","hmac-md5,hmac-sha1,umac-64@openssh.com,hmac-ripemd160,hmac-ripemd160@openssh.com,hmac-sha1-96,hmac-md5-96","none,zlib@openssh.com"
"SSH-2.0-OpenSSH_5.7","60205d0b53ffd441ead5c43b5a6f1bc7","ecdh-sha2-nistp256,ecdh-sha2-nistp384,ecdh-sha2-nistp521,diffie-hellman-group-exchange-sha256,diffie-hellman-group-exchange-sha1,diffie-hellman-group14-sha1,diffie-hellman-group1-sha1","aes128-ctr,aes192-ctr,aes256-ctr,arcfour256,arcfour128,aes128-cbc,3des-cbc,blowfish-cbc,cast128-cbc,aes192-cbc,aes256-cbc,arcfour,rijndael-cbc@lysator.liu.se","hmac-md5,hmac-sha1,umac-64@openssh.com,hmac-ripemd160,hmac-ripemd160@openssh.com,hmac-sha1-96,hmac-md5-96","none,zlib@openssh.com"
"SSH-2.0-OpenSSH_5.8","60205d0b53ffd441ead5c43b5a6f1bc7","ecdh-sha2-nistp256,ecdh-sha2-nistp384,ecdh-sha2-nistp521,diffie-hellman-group-exchange-sha256,diffie-hellman-group-exchange-sha1,diffie-hellman-group14-sha1,diffie-hellman-group1-sha1","aes128-ctr,aes192-ctr,aes256-ctr,arcfour256,arcfour128,aes128-cbc,3des-cbc,blowfish-cbc,cast128-cbc,aes192-cbc,aes256-cbc,arcfour,rijndael-cbc@lysator.liu.se","hmac-md5,hmac-sha1,umac-64@openssh.com,hmac-ripemd160,hmac-ripemd160@openssh.com,hmac-sha1-96,hmac-md5-96","none,zlib@openssh.com"
"SSH-2.0-OpenSSH_5.8","60205d0b53ffd441ead5c43b5a6f1bc7","ecdh-sha2-nistp256,ecdh-sha2-nistp384,ecdh-sha2-nistp521,diffie-hellman-group-exchange-sha256,diffie-hellman-group-exchange-sha1,diffie-hellman-group14-sha1,diffie-hellman-group1-sha1","aes128-ctr,aes192-ctr,aes256-ctr,arcfour256,arcfour128,aes128-cbc,3des-cbc,blowfish-cbc,cast128-cbc,aes192-cbc,aes256-cbc,arcfour,rijndael-cbc@lysator.liu.se","hmac-md5,hmac-sha1,umac-64@openssh.com,hmac-ripemd160,hmac-ripemd160@openssh.com,hmac-sha1-96,hmac-md5-96","none,zlib@openssh.com"
"SSH-2.0-OpenSSH_5.9","ce3c327f37ea2ec21f317fbc3fd1ea43","ecdh-sha2-nistp256,ecdh-sha2-nistp384,ecdh-sha2-nistp521,diffie-hellman-group-exchange-sha256,diffie-hellman-group-exchange-sha1,diffie-hellman-group14-sha1,diffie-hellman-group1-sha1","aes128-ctr,aes192-ctr,aes256-ctr,arcfour256,arcfour128,aes128-cbc,3des-cbc,blowfish-cbc,cast128-cbc,aes192-cbc,aes256-cbc,arcfour,rijndael-cbc@lysator.liu.se","hmac-md5,hmac-sha1,umac-64@openssh.com,hmac-sha2-256,hmac-sha2-256-96,hmac-sha2-512,hmac-sha2-512-96,hmac-ripemd160,hmac-ripemd160@openssh.com,hmac-sha1-96,hmac-md5-96","none,zlib@openssh.com"
"SSH-2.0-OpenSSH_5.9","ce3c327f37ea2ec21f317fbc3fd1ea43","ecdh-sha2-nistp256,ecdh-sha2-nistp384,ecdh-sha2-nistp521,diffie-hellman-group-exchange-sha256,diffie-hellman-group-exchange-sha1,diffie-hellman-group14-sha1,diffie-hellman-group1-sha1","aes128-ctr,aes192-ctr,aes256-ctr,arcfour256,arcfour128,aes128-cbc,3des-cbc,blowfish-cbc,cast128-cbc,aes192-cbc,aes256-cbc,arcfour,rijndael-cbc@lysator.liu.se","hmac-md5,hmac-sha1,umac-64@openssh.com,hmac-sha2-256,hmac-sha2-256-96,hmac-sha2-512,hmac-sha2-512-96,hmac-ripemd160,hmac-ripemd160@openssh.com,hmac-sha1-96,hmac-md5-96","none,zlib@openssh.com"
"SSH-2.0-OpenSSH_6.0","ce3c327f37ea2ec21f317fbc3fd1ea43","ecdh-sha2-nistp256,ecdh-sha2-nistp384,ecdh-sha2-nistp521,diffie-hellman-group-exchange-sha256,diffie-hellman-group-exchange-sha1,diffie-hellman-group14-sha1,diffie-hellman-group1-sha1","aes128-ctr,aes192-ctr,aes256-ctr,arcfour256,arcfour128,aes128-cbc,3des-cbc,blowfish-cbc,cast128-cbc,aes192-cbc,aes256-cbc,arcfour,rijndael-cbc@lysator.liu.se","hmac-md5,hmac-sha1,umac-64@openssh.com,hmac-sha2-256,hmac-sha2-256-96,hmac-sha2-512,hmac-sha2-512-96,hmac-ripemd160,hmac-ripemd160@openssh.com,hmac-sha1-96,hmac-md5-96","none,zlib@openssh.com"
"SSH-2.0-OpenSSH_6.1","aa294de13ac7e9dbf51610dc55a8ff86","ecdh-sha2-nistp256,ecdh-sha2-nistp384,ecdh-sha2-nistp521,diffie-hellman-group-exchange-sha256,diffie-hellman-group-exchange-sha1,diffie-hellman-group14-sha1,diffie-hellman-group1-sha1","aes128-ctr,aes192-ctr,aes256-ctr,arcfour256,arcfour128,aes128-cbc,3des-cbc,blowfish-cbc,cast128-cbc,aes192-cbc,aes256-cbc,arcfour,rijndael-cbc@lysator.liu.se","hmac-md5,hmac-sha1,umac-64@openssh.com,hmac-sha2-256,hmac-sha2-512,hmac-ripemd160,hmac-ripemd160@openssh.com,hmac-sha1-96,hmac-md5-96","none,zlib@openssh.com"
"SSH-2.0-OpenSSH_6.2","cca34b641961a75a15b91d1f1a13a3fb","ecdh-sha2-nistp256,ecdh-sha2-nistp384,ecdh-sha2-nistp521,diffie-hellman-group-exchange-sha256,diffie-hellman-group-exchange-sha1,diffie-hellman-group14-sha1,diffie-hellman-group1-sha1","aes128-ctr,aes192-ctr,aes256-ctr,arcfour256,arcfour128,aes128-gcm@openssh.com,aes256-gcm@openssh.com,aes128-cbc,3des-cbc,blowfish-cbc,cast128-cbc,aes192-cbc,aes256-cbc,arcfour,rijndael-cbc@lysator.liu.se","hmac-md5-etm@openssh.com,hmac-sha1-etm@openssh.com,umac-64-etm@openssh.com,umac-128-etm@openssh.com,hmac-sha2-256-etm@openssh.com,hmac-sha2-512-etm@openssh.com,hmac-ripemd160-etm@openssh.com,hmac-sha1-96-etm@openssh.com,hmac-md5-96-etm@openssh.com,hmac-md5,hmac-sha1,umac-64@openssh.com,umac-128@openssh.com,hmac-sha2-256,hmac-sha2-512,hmac-ripemd160,hmac-ripemd160@openssh.com,hmac-sha1-96,hmac-md5-96","none,zlib@openssh.com"
"SSH-2.0-OpenSSH_6.2","cca34b641961a75a15b91d1f1a13a3fb","ecdh-sha2-nistp256,ecdh-sha2-nistp384,ecdh-sha2-nistp521,diffie-hellman-group-exchange-sha256,diffie-hellman-group-exchange-sha1,diffie-hellman-group14-sha1,diffie-hellman-group1-sha1","aes128-ctr,aes192-ctr,aes256-ctr,arcfour256,arcfour128,aes128-gcm@openssh.com,aes256-gcm@openssh.com,aes128-cbc,3des-cbc,blowfish-cbc,cast128-cbc,aes192-cbc,aes256-cbc,arcfour,rijndael-cbc@lysator.liu.se","hmac-md5-etm@openssh.com,hmac-sha1-etm@openssh.com,umac-64-etm@openssh.com,umac-128-etm@openssh.com,hmac-sha2-256-etm@openssh.com,hmac-sha2-512-etm@openssh.com,hmac-ripemd160-etm@openssh.com,hmac-sha1-96-etm@openssh.com,hmac-md5-96-etm@openssh.com,hmac-md5,hmac-sha1,umac-64@openssh.com,umac-128@openssh.com,hmac-sha2-256,hmac-sha2-512,hmac-ripemd160,hmac-ripemd160@openssh.com,hmac-sha1-96,hmac-md5-96","none,zlib@openssh.com"
"SSH-2.0-OpenSSH_6.3","cca34b641961a75a15b91d1f1a13a3fb","ecdh-sha2-nistp256,ecdh-sha2-nistp384,ecdh-sha2-nistp521,diffie-hellman-group-exchange-sha256,diffie-hellman-group-exchange-sha1,diffie-hellman-group14-sha1,diffie-hellman-group1-sha1","aes128-ctr,aes192-ctr,aes256-ctr,arcfour256,arcfour128,aes128-gcm@openssh.com,aes256-gcm@openssh.com,aes128-cbc,3des-cbc,blowfish-cbc,cast128-cbc,aes192-cbc,aes256-cbc,arcfour,rijndael-cbc@lysator.liu.se","hmac-md5-etm@openssh.com,hmac-sha1-etm@openssh.com,umac-64-etm@openssh.com,umac-128-etm@openssh.com,hmac-sha2-256-etm@openssh.com,hmac-sha2-512-etm@openssh.com,hmac-ripemd160-etm@openssh.com,hmac-sha1-96-etm@openssh.com,hmac-md5-96-etm@openssh.com,hmac-md5,hmac-sha1,umac-64@openssh.com,umac-128@openssh.com,hmac-sha2-256,hmac-sha2-512,hmac-ripemd160,hmac-ripemd160@openssh.com,hmac-sha1-96,hmac-md5-96","none,zlib@openssh.com"
"SSH-2.0-OpenSSH_6.4","cca34b641961a75a15b91d1f1a13a3fb","ecdh-sha2-nistp256,ecdh-sha2-nistp384,ecdh-sha2-nistp521,diffie-hellman-group-exchange-sha256,diffie-hellman-group-exchange-sha1,diffie-hellman-group14-sha1,diffie-hellman-group1-sha1","aes128-ctr,aes192-ctr,aes256-ctr,arcfour256,arcfour128,aes128-gcm@openssh.com,aes256-gcm@openssh.com,aes128-cbc,3des-cbc,blowfish-cbc,cast128-cbc,aes192-cbc,aes256-cbc,arcfour,rijndael-cbc@lysator.liu.se","hmac-md5-etm@openssh.com,hmac-sha1-etm@openssh.com,umac-64-etm@openssh.com,umac-128-etm@openssh.com,hmac-sha2-256-etm@openssh.com,hmac-sha2-512-etm@openssh.com,hmac-ripemd160-etm@openssh.com,hmac-sha1-96-etm@openssh.com,hmac-md5-96-etm@openssh.com,hmac-md5,hmac-sha1,umac-64@openssh.com,umac-128@openssh.com,hmac-sha2-256,hmac-sha2-512,hmac-ripemd160,hmac-ripemd160@openssh.com,hmac-sha1-96,hmac-md5-96","none,zlib@openssh.com"
"SSH-2.0-OpenSSH_6.5","ba6d3d2aecbd0d91b01dfa7828110d70","curve25519-sha256@libssh.org,ecdh-sha2-nistp256,ecdh-sha2-nistp384,ecdh-sha2-nistp521,diffie-hellman-group-exchange-sha256,diffie-hellman-group-exchange-sha1,diffie-hellman-group14-sha1,diffie-hellman-group1-sha1","aes128-ctr,aes192-ctr,aes256-ctr,arcfour256,arcfour128,aes128-gcm@openssh.com,aes256-gcm@openssh.com,chacha20-poly1305@openssh.com,aes128-cbc,3des-cbc,blowfish-cbc,cast128-cbc,aes192-cbc,aes256-cbc,arcfour,rijndael-cbc@lysator.liu.se","hmac-md5-etm@openssh.com,hmac-sha1-etm@openssh.com,umac-64-etm@openssh.com,umac-128-etm@openssh.com,hmac-sha2-256-etm@openssh.com,hmac-sha2-512-etm@openssh.com,hmac-ripemd160-etm@openssh.com,hmac-sha1-96-etm@openssh.com,hmac-md5-96-etm@openssh.com,hmac-md5,hmac-sha1,umac-64@openssh.com,umac-128@openssh.com,hmac-sha2-256,hmac-sha2-512,hmac-ripemd160,hmac-ripemd160@openssh.com,hmac-sha1-96,hmac-md5-96","none,zlib@openssh.com"
"SSH-2.0-OpenSSH_6.6","ba6d3d2aecbd0d91b01dfa7828110d70","curve25519-sha256@libssh.org,ecdh-sha2-nistp256,ecdh-sha2-nistp384,ecdh-sha2-nistp521,diffie-hellman-group-exchange-sha256,diffie-hellman-group-exchange-sha1,diffie-hellman-group14-sha1,diffie-hellman-group1-sha1","aes128-ctr,aes192-ctr,aes256-ctr,arcfour256,arcfour128,aes128-gcm@openssh.com,aes256-gcm@openssh.com,chacha20-poly1305@openssh.com,aes128-cbc,3des-cbc,blowfish-cbc,cast128-cbc,aes192-cbc,aes256-cbc,arcfour,rijndael-cbc@lysator.liu.se","hmac-md5-etm@openssh.com,hmac-sha1-etm@openssh.com,umac-64-etm@openssh.com,umac-128-etm@openssh.com,hmac-sha2-256-etm@openssh.com,hmac-sha2-512-etm@openssh.com,hmac-ripemd160-etm@openssh.com,hmac-sha1-96-etm@openssh.com,hmac-md5-96-etm@openssh.com,hmac-md5,hmac-sha1,umac-64@openssh.com,umac-128@openssh.com,hmac-sha2-256,hmac-sha2-512,hmac-ripemd160,hmac-ripemd160@openssh.com,hmac-sha1-96,hmac-md5-96","none,zlib@openssh.com"
"SSH-2.0-OpenSSH_6.7","3711ee816d3ea9975d96c39c31c54299","curve25519-sha256@libssh.org,ecdh-sha2-nistp256,ecdh-sha2-nistp384,ecdh-sha2-nistp521,diffie-hellman-group-exchange-sha256,diffie-hellman-group14-sha1","aes128-ctr,aes192-ctr,aes256-ctr,aes128-gcm@openssh.com,aes256-gcm@openssh.com,chacha20-poly1305@openssh.com","umac-64-etm@openssh.com,umac-128-etm@openssh.com,hmac-sha2-256-etm@openssh.com,hmac-sha2-512-etm@openssh.com,hmac-sha1-etm@openssh.com,umac-64@openssh.com,umac-128@openssh.com,hmac-sha2-256,hmac-sha2-512,hmac-sha1","none,zlib@openssh.com"
"SSH-2.0-OpenSSH_6.8","3711ee816d3ea9975d96c39c31c54299","curve25519-sha256@libssh.org,ecdh-sha2-nistp256,ecdh-sha2-nistp384,ecdh-sha2-nistp521,diffie-hellman-group-exchange-sha256,diffie-hellman-group14-sha1","aes128-ctr,aes192-ctr,aes256-ctr,aes128-gcm@openssh.com,aes256-gcm@openssh.com,chacha20-poly1305@openssh.com","umac-64-etm@openssh.com,umac-128-etm@openssh.com,hmac-sha2-256-etm@openssh.com,hmac-sha2-512-etm@openssh.com,hmac-sha1-etm@openssh.com,umac-64@openssh.com,umac-128@openssh.com,hmac-sha2-256,hmac-sha2-512,hmac-sha1","none,zlib@openssh.com"
"SSH-2.0-OpenSSH_6.9","d43d91bc39d5aaed819ad9f6b57b7348","curve25519-sha256@libssh.org,ecdh-sha2-nistp256,ecdh-sha2-nistp384,ecdh-sha2-nistp521,diffie-hellman-group-exchange-sha256,diffie-hellman-group14-sha1","chacha20-poly1305@openssh.com,aes128-ctr,aes192-ctr,aes256-ctr,aes128-gcm@openssh.com,aes256-gcm@openssh.com","umac-64-etm@openssh.com,umac-128-etm@openssh.com,hmac-sha2-256-etm@openssh.com,hmac-sha2-512-etm@openssh.com,hmac-sha1-etm@openssh.com,umac-64@openssh.com,umac-128@openssh.com,hmac-sha2-256,hmac-sha2-512,hmac-sha1","none,zlib@openssh.com"
"SSH-2.0-OpenSSH_7.0","d43d91bc39d5aaed819ad9f6b57b7348","curve25519-sha256@libssh.org,ecdh-sha2-nistp256,ecdh-sha2-nistp384,ecdh-sha2-nistp521,diffie-hellman-group-exchange-sha256,diffie-hellman-group14-sha1","chacha20-poly1305@openssh.com,aes128-ctr,aes192-ctr,aes256-ctr,aes128-gcm@openssh.com,aes256-gcm@openssh.com","umac-64-etm@openssh.com,umac-128-etm@openssh.com,hmac-sha2-256-etm@openssh.com,hmac-sha2-512-etm@openssh.com,hmac-sha1-etm@openssh.com,umac-64@openssh.com,umac-128@openssh.com,hmac-sha2-256,hmac-sha2-512,hmac-sha1","none,zlib@openssh.com"
"SSH-2.0-OpenSSH_7.1","d43d91bc39d5aaed819ad9f6b57b7348","curve25519-sha256@libssh.org,ecdh-sha2-nistp256,ecdh-sha2-nistp384,ecdh-sha2-nistp521,diffie-hellman-group-exchange-sha256,diffie-hellman-group14-sha1","chacha20-poly1305@openssh.com,aes128-ctr,aes192-ctr,aes256-ctr,aes128-gcm@openssh.com,aes256-gcm@openssh.com","umac-64-etm@openssh.com,umac-128-etm@openssh.com,hmac-sha2-256-etm@openssh.com,hmac-sha2-512-etm@openssh.com,hmac-sha1-etm@openssh.com,umac-64@openssh.com,umac-128@openssh.com,hmac-sha2-256,hmac-sha2-512,hmac-sha1","none,zlib@openssh.com"
"SSH-2.0-OpenSSH_7.1","d43d91bc39d5aaed819ad9f6b57b7348","curve25519-sha256@libssh.org,ecdh-sha2-nistp256,ecdh-sha2-nistp384,ecdh-sha2-nistp521,diffie-hellman-group-exchange-sha256,diffie-hellman-group14-sha1","chacha20-poly1305@openssh.com,aes128-ctr,aes192-ctr,aes256-ctr,aes128-gcm@openssh.com,aes256-gcm@openssh.com","umac-64-etm@openssh.com,umac-128-etm@openssh.com,hmac-sha2-256-etm@openssh.com,hmac-sha2-512-etm@openssh.com,hmac-sha1-etm@openssh.com,umac-64@openssh.com,umac-128@openssh.com,hmac-sha2-256,hmac-sha2-512,hmac-sha1","none,zlib@openssh.com"
"SSH-2.0-OpenSSH_7.2","d43d91bc39d5aaed819ad9f6b57b7348","curve25519-sha256@libssh.org,ecdh-sha2-nistp256,ecdh-sha2-nistp384,ecdh-sha2-nistp521,diffie-hellman-group-exchange-sha256,diffie-hellman-group14-sha1","chacha20-poly1305@openssh.com,aes128-ctr,aes192-ctr,aes256-ctr,aes128-gcm@openssh.com,aes256-gcm@openssh.com","umac-64-etm@openssh.com,umac-128-etm@openssh.com,hmac-sha2-256-etm@openssh.com,hmac-sha2-512-etm@openssh.com,hmac-sha1-etm@openssh.com,umac-64@openssh.com,umac-128@openssh.com,hmac-sha2-256,hmac-sha2-512,hmac-sha1","none,zlib@openssh.com"
"SSH-2.0-OpenSSH_7.2","d43d91bc39d5aaed819ad9f6b57b7348","curve25519-sha256@libssh.org,ecdh-sha2-nistp256,ecdh-sha2-nistp384,ecdh-sha2-nistp521,diffie-hellman-group-exchange-sha256,diffie-hellman-group14-sha1","chacha20-poly1305@openssh.com,aes128-ctr,aes192-ctr,aes256-ctr,aes128-gcm@openssh.com,aes256-gcm@openssh.com","umac-64-etm@openssh.com,umac-128-etm@openssh.com,hmac-sha2-256-etm@openssh.com,hmac-sha2-512-etm@openssh.com,hmac-sha1-etm@openssh.com,umac-64@openssh.com,umac-128@openssh.com,hmac-sha2-256,hmac-sha2-512,hmac-sha1","none,zlib@openssh.com"
"SSH-2.0-OpenSSH_7.3","8cc1fefeb6ee94a1d6c81bc3ee13c62c","curve25519-sha256@libssh.org,ecdh-sha2-nistp256,ecdh-sha2-nistp384,ecdh-sha2-nistp521,diffie-hellman-group-exchange-sha256,diffie-hellman-group16-sha512,diffie-hellman-group18-sha512,diffie-hellman-group14-sha256,diffie-hellman-group14-sha1","chacha20-poly1305@openssh.com,aes128-ctr,aes192-ctr,aes256-ctr,aes128-gcm@openssh.com,aes256-gcm@openssh.com","umac-64-etm@openssh.com,umac-128-etm@openssh.com,hmac-sha2-256-etm@openssh.com,hmac-sha2-512-etm@openssh.com,hmac-sha1-etm@openssh.com,umac-64@openssh.com,umac-128@openssh.com,hmac-sha2-256,hmac-sha2-512,hmac-sha1","none,zlib@openssh.com"
"SSH-2.0-OpenSSH_7.4","b12d2871a1189eff20364cf5333619ee","curve25519-sha256,curve25519-sha256@libssh.org,ecdh-sha2-nistp256,ecdh-sha2-nistp384,ecdh-sha2-nistp521,diffie-hellman-group-exchange-sha256,diffie-hellman-group16-sha512,diffie-hellman-group18-sha512,diffie-hellman-group14-sha256,diffie-hellman-group14-sha1","chacha20-poly1305@openssh.com,aes128-ctr,aes192-ctr,aes256-ctr,aes128-gcm@openssh.com,aes256-gcm@openssh.com","umac-64-etm@openssh.com,umac-128-etm@openssh.com,hmac-sha2-256-etm@openssh.com,hmac-sha2-512-etm@openssh.com,hmac-sha1-etm@openssh.com,umac-64@openssh.com,umac-128@openssh.com,hmac-sha2-256,hmac-sha2-512,hmac-sha1","none,zlib@openssh.com"
"SSH-2.0-OpenSSH_7.5","b12d2871a1189eff20364cf5333619ee","curve25519-sha256,curve25519-sha256@libssh.org,ecdh-sha2-nistp256,ecdh-sha2-nistp384,ecdh-sha2-nistp521,diffie-hellman-group-exchange-sha256,diffie-hellman-group16-sha512,diffie-hellman-group18-sha512,diffie-hellman-group14-sha256,diffie-hellman-group14-sha1","chacha20-poly1305@openssh.com,aes128-ctr,aes192-ctr,aes256-ctr,aes128-gcm@openssh.com,aes256-gcm@openssh.com","umac-64-etm@openssh.com,umac-128-etm@openssh.com,hmac-sha2-256-etm@openssh.com,hmac-sha2-512-etm@openssh.com,hmac-sha1-etm@openssh.com,umac-64@openssh.com,umac-128@openssh.com,hmac-sha2-256,hmac-sha2-512,hmac-sha1","none,zlib@openssh.com"
"SSH-2.0-OpenSSH_7.6","b12d2871a1189eff20364cf5333619ee","curve25519-sha256,curve25519-sha256@libssh.org,ecdh-sha2-nistp256,ecdh-sha2-nistp384,ecdh-sha2-nistp521,diffie-hellman-group-exchange-sha256,diffie-hellman-group16-sha512,diffie-hellman-group18-sha512,diffie-hellman-group14-sha256,diffie-hellman-group14-sha1","chacha20-poly1305@openssh.com,aes128-ctr,aes192-ctr,aes256-ctr,aes128-gcm@openssh.com,aes256-gcm@openssh.com","umac-64-etm@openssh.com,umac-128-etm@openssh.com,hmac-sha2-256-etm@openssh.com,hmac-sha2-512-etm@openssh.com,hmac-sha1-etm@openssh.com,umac-64@openssh.com,umac-128@openssh.com,hmac-sha2-256,hmac-sha2-512,hmac-sha1","none,zlib@openssh.com"
"SSH-2.0-OpenSSH_7.7","b12d2871a1189eff20364cf5333619ee","curve25519-sha256,curve25519-sha256@libssh.org,ecdh-sha2-nistp256,ecdh-sha2-nistp384,ecdh-sha2-nistp521,diffie-hellman-group-exchange-sha256,diffie-hellman-group16-sha512,diffie-hellman-group18-sha512,diffie-hellman-group14-sha256,diffie-hellman-group14-sha1","chacha20-poly1305@openssh.com,aes128-ctr,aes192-ctr,aes256-ctr,aes128-gcm@openssh.com,aes256-gcm@openssh.com","umac-64-etm@openssh.com,umac-128-etm@openssh.com,hmac-sha2-256-etm@openssh.com,hmac-sha2-512-etm@openssh.com,hmac-sha1-etm@openssh.com,umac-64@openssh.com,umac-128@openssh.com,hmac-sha2-256,hmac-sha2-512,hmac-sha1","none,zlib@openssh.com"
"SSH-2.0-OpenSSH_7.8","b12d2871a1189eff20364cf5333619ee","curve25519-sha256,curve25519-sha256@libssh.org,ecdh-sha2-nistp256,ecdh-sha2-nistp384,ecdh-sha2-nistp521,diffie-hellman-group-exchange-sha256,diffie-hellman-group16-sha512,diffie-hellman-group18-sha512,diffie-hellman-group14-sha256,diffie-hellman-group14-sha1","chacha20-poly1305@openssh.com,aes128-ctr,aes192-ctr,aes256-ctr,aes128-gcm@openssh.com,aes256-gcm@openssh.com","umac-64-etm@openssh.com,umac-128-etm@openssh.com,hmac-sha2-256-etm@openssh.com,hmac-sha2-512-etm@openssh.com,hmac-sha1-etm@openssh.com,umac-64@openssh.com,umac-128@openssh.com,hmac-sha2-256,hmac-sha2-512,hmac-sha1","none,zlib@openssh.com"
"SSH-2.0-wolfSSHv1.4.13","b0a76cc0b2de3f053d05ec50eb7950e8","ecdh-sha2-nistp256,diffie-hellman-group-exchange-sha256,diffie-hellman-group14-sha1,diffie-hellman-group1-sha1","aes256-gcm@openssh.com,aes192-gcm@openssh.com,aes128-gcm@openssh.com,aes256-cbc,aes192-cbc,aes128-cbc","hmac-sha2-256,hmac-sha1-96,hmac-sha1","none"
"SSH-2.0-wolfSSHv1.4.14","b0a76cc0b2de3f053d05ec50eb7950e8","ecdh-sha2-nistp256,diffie-hellman-group-exchange-sha256,diffie-hellman-group14-sha1,diffie-hellman-group1-sha1","aes256-gcm@openssh.com,aes192-gcm@openssh.com,aes128-gcm@openssh.com,aes256-cbc,aes192-cbc,aes128-cbc","hmac-sha2-256,hmac-sha1-96,hmac-sha1","none"
"SSH-2.0-wolfSSHv1.4.15","b0a76cc0b2de3f053d05ec50eb7950e8","ecdh-sha2-nistp256,diffie-hellman-group-exchange-sha256,diffie-hellman-group14-sha1,diffie-hellman-group1-sha1","aes256-gcm@openssh.com,aes192-gcm@openssh.com,aes128-gcm@openssh.com,aes256-cbc,aes192-cbc,aes128-cbc","hmac-sha2-256,hmac-sha1-96,hmac-sha1","none"
"SSH-2.0-wolfSSHv1.4.16","b0a76cc0b2de3f053d05ec50eb7950e8","ecdh-sha2-nistp256,diffie-hellman-group-exchange-sha256,diffie-hellman-group14-sha1,diffie-hellman-group1-sha1","aes256-gcm@openssh.com,aes192-gcm@openssh.com,aes128-gcm@openssh.com,aes256-cbc,aes192-cbc,aes128-cbc","hmac-sha2-256,hmac-sha1-96,hmac-sha1","none"
"SSH-2.0-wolfSSHv1.4.17","c047e7b119a5bb130cd15b96bc52d3a7","ecdh-sha2-nistp256,diffie-hellman-group-exchange-sha256","aes256-gcm@openssh.com,aes192-gcm@openssh.com,aes128-gcm@openssh.com,aes256-cbc,aes192-cbc,aes128-cbc","hmac-sha2-256","none"
"SSH-2.0-wolfSSHv1.4.18","c047e7b119a5bb130cd15b96bc52d3a7","ecdh-sha2-nistp256,diffie-hellman-group-exchange-sha256","aes256-gcm@openssh.com,aes192-gcm@openssh.com,aes128-gcm@openssh.com,aes256-cbc,aes192-cbc,aes128-cbc","hmac-sha2-256","none"
"SSH-2.0-wolfSSHv1.4.19","5af09dac2cec531ccf7291037a555dda","ecdh-sha2-nistp256,diffie-hellman-group14-sha256,diffie-hellman-group-exchange-sha256","aes256-gcm@openssh.com,aes192-gcm@openssh.com,aes128-gcm@openssh.com,aes256-cbc,aes192-cbc,aes128-cbc","hmac-sha2-256","none"
"SSH-2.0-wolfSSHv1.4.20","5b74acd686f39fa1c58b1feecc7dc2f3","ecdh-sha2-nistp521,ecdh-sha2-nistp384,ecdh-sha2-nistp256,diffie-hellman-group14-sha256,diffie-hellman-group16-sha512,diffie-hellman-group-exchange-sha256","aes256-gcm@openssh.com,aes192-gcm@openssh.com,aes128-gcm@openssh.com,aes256-cbc,aes192-cbc,aes128-cbc","hmac-sha2-256,hmac-sha2-512","none"
